,month,sessions,median_length
0,1,0,
1,2,0,
2,3,0,
3,4,0,
4,5,0,
5,6,0,
6,7,0,
7,8,0,
8,9,31,20.13709785
9,10,265,26.555137950000002
10,11,49,26.821557050000003
11,12,0,
