,month,sessions,median_length
0,1,0,
1,2,0,
2,3,0,
3,4,15,21.813218516666666
4,5,140,85.25901557499999
5,6,86,92.36247751666667
6,7,0,
7,8,0,
8,9,0,
9,10,0,
10,11,0,
11,12,0,
